,state,state_po,year,candidate,party,candidatevotes,Electoral_College_Votes
0,Alabama,AL,2000,AL GORE,DEMOCRAT,695602,9.0
1,Alabama,AL,2000,GEORGE W. BUSH,REPUBLICAN,944409,9.0
2,Alabama,AL,2000,OTHER,OTHER,14191,9.0
3,Alabama,AL,2000,RALPH NADER,GREEN,18349,9.0
4,Alabama,AL,2004,GEORGE W. BUSH,REPUBLICAN,1176394,9.0
5,Alabama,AL,2004,JOHN KERRY,DEMOCRAT,693933,9.0
6,Alabama,AL,2004,OTHER,OTHER,13088,9.0
7,Alabama,AL,2008,BARACK OBAMA,DEMOCRAT,813479,9.0
8,Alabama,AL,2008,JOHN MCCAIN,REPUBLICAN,1266546,9.0
9,Alabama,AL,2008,OTHER,OTHER,19794,9.0
10,Alabama,AL,2012,BARACK OBAMA,DEMOCRAT,795696,9.0
11,Alabama,AL,2012,MITT ROMNEY,REPUBLICAN,1255925,9.0
12,Alabama,AL,2012,OTHER,OTHER,18732,9.0
13,Alabama,AL,2016,DONALD TRUMP,REPUBLICAN,1318250,9.0
14,Alabama,AL,2016,HILLARY CLINTON,DEMOCRAT,729547,9.0
15,Alabama,AL,2016,OTHER,OTHER,75570,9.0
16,Alabama,AL,2020,DONALD J TRUMP,REPUBLICAN,1441170,9.0
17,Alabama,AL,2020,JOSEPH R BIDEN JR,DEMOCRAT,849624,9.0
18,Alabama,AL,2020,OTHER,OTHER,32488,9.0
19,Alaska,AK,2000,AL GORE,DEMOCRAT,79004,3.0
20,Alaska,AK,2000,GEORGE W. BUSH,REPUBLICAN,167398,3.0
21,Alaska,AK,2000,OTHER,OTHER,10381,3.0
22,Alaska,AK,2000,RALPH NADER,GREEN,28747,3.0
23,Alaska,AK,2004,GEORGE W. BUSH,REPUBLICAN,292267,3.0
24,Alaska,AK,2004,JOHN KERRY,DEMOCRAT,180365,3.0
25,Alaska,AK,2004,OTHER,OTHER,16061,3.0
26,Alaska,AK,2008,BARACK OBAMA,DEMOCRAT,123594,3.0
27,Alaska,AK,2008,JOHN MCCAIN,REPUBLICAN,193841,3.0
28,Alaska,AK,2008,OTHER,OTHER,8762,3.0
29,Alaska,AK,2012,BARACK OBAMA,DEMOCRAT,122640,3.0
30,Alaska,AK,2012,MITT ROMNEY,REPUBLICAN,164676,3.0
31,Alaska,AK,2012,OTHER,OTHER,13179,3.0
32,Alaska,AK,2016,DONALD TRUMP,REPUBLICAN,163387,3.0
33,Alaska,AK,2016,HILLARY CLINTON,DEMOCRAT,116454,3.0
34,Alaska,AK,2016,OTHER,OTHER,38557,3.0
35,Alaska,AK,2020,DONALD J TRUMP,REPUBLICAN,189951,3.0
36,Alaska,AK,2020,JO JORGENSEN,LIBERTARIAN,8897,3.0
37,Alaska,AK,2020,JOSEPH R BIDEN JR,DEMOCRAT,153778,3.0
38,Alaska,AK,2020,OTHER,GREEN,2673,3.0
39,Alaska,AK,2020,OTHER,OTHER,2270,3.0
40,Arizona,AZ,2000,AL GORE,DEMOCRAT,685341,11.0
41,Arizona,AZ,2000,GEORGE W. BUSH,REPUBLICAN,781652,11.0
42,Arizona,AZ,2000,OTHER,OTHER,21475,11.0
43,Arizona,AZ,2000,RALPH NADER,GREEN,45645,11.0
44,Arizona,AZ,2004,GEORGE W. BUSH,REPUBLICAN,1104294,11.0
45,Arizona,AZ,2004,JOHN KERRY,DEMOCRAT,893524,11.0
46,Arizona,AZ,2004,OTHER,OTHER,14767,11.0
47,Arizona,AZ,2008,BARACK OBAMA,DEMOCRAT,1034707,11.0
48,Arizona,AZ,2008,JOHN MCCAIN,REPUBLICAN,1230111,11.0
49,Arizona,AZ,2008,OTHER,OTHER,28657,11.0
50,Arizona,AZ,2012,BARACK OBAMA,DEMOCRAT,1025232,11.0
51,Arizona,AZ,2012,MITT ROMNEY,REPUBLICAN,1233654,11.0
52,Arizona,AZ,2012,OTHER,OTHER,40368,11.0
53,Arizona,AZ,2016,DONALD TRUMP,REPUBLICAN,1252401,11.0
54,Arizona,AZ,2016,HILLARY CLINTON,DEMOCRAT,1161167,11.0
55,Arizona,AZ,2016,OTHER,OTHER,190709,11.0
56,Arizona,AZ,2020,DONALD J TRUMP,REPUBLICAN,1661686,11.0
57,Arizona,AZ,2020,JO JORGENSEN,LIBERTARIAN,51465,11.0
58,Arizona,AZ,2020,JOSEPH R BIDEN JR,DEMOCRAT,1672143,11.0
59,Arizona,AZ,2020,OTHER,GREEN,0,11.0
60,Arizona,AZ,2020,OTHER,OTHER,0,11.0
61,Arkansas,AR,2000,AL GORE,DEMOCRAT,422768,6.0
62,Arkansas,AR,2000,GEORGE W. BUSH,REPUBLICAN,472940,6.0
63,Arkansas,AR,2000,OTHER,OTHER,12652,6.0
64,Arkansas,AR,2000,RALPH NADER,GREEN,13421,6.0
65,Arkansas,AR,2004,GEORGE W. BUSH,REPUBLICAN,572770,6.0
66,Arkansas,AR,2004,JOHN KERRY,DEMOCRAT,468631,6.0
67,Arkansas,AR,2004,OTHER,OTHER,12293,6.0
68,Arkansas,AR,2008,BARACK OBAMA,DEMOCRAT,422310,6.0
69,Arkansas,AR,2008,JOHN MCCAIN,REPUBLICAN,638017,6.0
70,Arkansas,AR,2008,OTHER,OTHER,26290,6.0
71,Arkansas,AR,2012,BARACK OBAMA,DEMOCRAT,394409,6.0
72,Arkansas,AR,2012,MITT ROMNEY,REPUBLICAN,647744,6.0
73,Arkansas,AR,2012,OTHER,OTHER,27315,6.0
74,Arkansas,AR,2016,DONALD TRUMP,REPUBLICAN,684872,6.0
75,Arkansas,AR,2016,HILLARY CLINTON,DEMOCRAT,380494,6.0
76,Arkansas,AR,2016,OTHER,OTHER,64530,6.0
77,Arkansas,AR,2020,DONALD J TRUMP,REPUBLICAN,760647,6.0
78,Arkansas,AR,2020,JO JORGENSEN,LIBERTARIAN,13133,6.0
79,Arkansas,AR,2020,JOSEPH R BIDEN JR,DEMOCRAT,423932,6.0
80,Arkansas,AR,2020,OTHER,GREEN,2980,6.0
81,Arkansas,AR,2020,OTHER,OTHER,18377,6.0
82,California,CA,2000,AL GORE,DEMOCRAT,5861203,55.0
83,California,CA,2000,GEORGE W. BUSH,REPUBLICAN,4567429,55.0
84,California,CA,2000,OTHER,OTHER,118517,55.0
85,California,CA,2000,RALPH NADER,GREEN,418707,55.0
86,California,CA,2004,GEORGE W. BUSH,REPUBLICAN,5501496,55.0
87,California,CA,2004,JOHN KERRY,DEMOCRAT,6737355,55.0
88,California,CA,2004,OTHER,OTHER,144827,55.0
89,California,CA,2008,BARACK OBAMA,DEMOCRAT,8274473,55.0
90,California,CA,2008,JOHN MCCAIN,REPUBLICAN,5011781,55.0
91,California,CA,2008,OTHER,OTHER,275646,55.0
92,California,CA,2012,BARACK OBAMA,DEMOCRAT,7854285,55.0
93,California,CA,2012,MITT ROMNEY,REPUBLICAN,4839958,55.0
94,California,CA,2012,OTHER,OTHER,344304,55.0
95,California,CA,2016,DONALD TRUMP,REPUBLICAN,4483810,55.0
96,California,CA,2016,HILLARY CLINTON,DEMOCRAT,8753788,55.0
97,California,CA,2016,OTHER,OTHER,943997,55.0
98,California,CA,2020,DONALD J TRUMP,REPUBLICAN,6006429,55.0
99,California,CA,2020,JO JORGENSEN,LIBERTARIAN,187895,55.0
100,California,CA,2020,JOSEPH R BIDEN JR,DEMOCRAT,11110250,55.0
101,California,CA,2020,OTHER,GREEN,81029,55.0
102,California,CA,2020,OTHER,OTHER,115278,55.0
103,Colorado,CO,2000,AL GORE,DEMOCRAT,738227,9.0
104,Colorado,CO,2000,GEORGE W. BUSH,REPUBLICAN,883745,9.0
105,Colorado,CO,2000,OTHER,OTHER,27959,9.0
106,Colorado,CO,2000,RALPH NADER,GREEN,91434,9.0
107,Colorado,CO,2004,GEORGE W. BUSH,REPUBLICAN,1101255,9.0
108,Colorado,CO,2004,JOHN KERRY,DEMOCRAT,1001732,9.0
109,Colorado,CO,2004,OTHER,OTHER,26643,9.0
110,Colorado,CO,2008,BARACK OBAMA,DEMOCRAT,1288576,9.0
111,Colorado,CO,2008,JOHN MCCAIN,REPUBLICAN,1073589,9.0
112,Colorado,CO,2008,OTHER,OTHER,39196,9.0
113,Colorado,CO,2012,BARACK OBAMA,DEMOCRAT,1322998,9.0
114,Colorado,CO,2012,MITT ROMNEY,REPUBLICAN,1185050,9.0
115,Colorado,CO,2012,OTHER,OTHER,61169,9.0
116,Colorado,CO,2016,DONALD TRUMP,REPUBLICAN,1202484,9.0
117,Colorado,CO,2016,HILLARY CLINTON,DEMOCRAT,1338870,9.0
118,Colorado,CO,2016,OTHER,OTHER,238866,9.0
119,Colorado,CO,2020,DONALD J TRUMP,REPUBLICAN,1364607,9.0
120,Colorado,CO,2020,JO JORGENSEN,LIBERTARIAN,52460,9.0
121,Colorado,CO,2020,JOSEPH R BIDEN JR,DEMOCRAT,1804352,9.0
122,Colorado,CO,2020,OTHER,GREEN,8986,9.0
123,Colorado,CO,2020,OTHER,OTHER,26575,9.0
124,Connecticut,CT,2000,AL GORE,DEMOCRAT,816015,7.0
125,Connecticut,CT,2000,GEORGE W. BUSH,REPUBLICAN,561094,7.0
126,Connecticut,CT,2000,OTHER,OTHER,17964,7.0
127,Connecticut,CT,2000,RALPH NADER,GREEN,64452,7.0
128,Connecticut,CT,2004,GEORGE W. BUSH,REPUBLICAN,693826,7.0
129,Connecticut,CT,2004,JOHN KERRY,DEMOCRAT,857488,7.0
130,Connecticut,CT,2004,OTHER,OTHER,27455,7.0
131,Connecticut,CT,2008,BARACK OBAMA,DEMOCRAT,1000291,7.0
132,Connecticut,CT,2008,JOHN MCCAIN,REPUBLICAN,628041,7.0
133,Connecticut,CT,2008,OTHER,OTHER,18753,7.0
134,Connecticut,CT,2012,BARACK OBAMA,DEMOCRAT,905083,7.0
135,Connecticut,CT,2012,MITT ROMNEY,REPUBLICAN,634892,7.0
136,Connecticut,CT,2012,OTHER,OTHER,18828,7.0
137,Connecticut,CT,2016,DONALD TRUMP,REPUBLICAN,673215,7.0
138,Connecticut,CT,2016,HILLARY CLINTON,DEMOCRAT,897572,7.0
139,Connecticut,CT,2016,OTHER,OTHER,76749,7.0
140,Connecticut,CT,2020,DONALD J TRUMP,REPUBLICAN,714717,7.0
141,Connecticut,CT,2020,JO JORGENSEN,LIBERTARIAN,20230,7.0
142,Connecticut,CT,2020,JOSEPH R BIDEN JR,DEMOCRAT,1080831,7.0
143,Connecticut,CT,2020,OTHER,GREEN,7538,7.0
144,Connecticut,CT,2020,OTHER,OTHER,541,7.0
145,Delaware,DE,2000,AL GORE,DEMOCRAT,180068,3.0
146,Delaware,DE,2000,GEORGE W. BUSH,REPUBLICAN,137288,3.0
147,Delaware,DE,2000,OTHER,OTHER,1866,3.0
148,Delaware,DE,2000,RALPH NADER,GREEN,8307,3.0
149,Delaware,DE,2004,GEORGE W. BUSH,REPUBLICAN,171651,3.0
150,Delaware,DE,2004,JOHN KERRY,DEMOCRAT,200141,3.0
151,Delaware,DE,2004,OTHER,OTHER,3378,3.0
152,Delaware,DE,2008,BARACK OBAMA,DEMOCRAT,255459,3.0
153,Delaware,DE,2008,JOHN MCCAIN,REPUBLICAN,152374,3.0
154,Delaware,DE,2008,OTHER,OTHER,4579,3.0
155,Delaware,DE,2012,BARACK OBAMA,DEMOCRAT,242584,3.0
156,Delaware,DE,2012,MITT ROMNEY,REPUBLICAN,165484,3.0
157,Delaware,DE,2012,OTHER,OTHER,5869,3.0
158,Delaware,DE,2016,DONALD TRUMP,REPUBLICAN,185127,3.0
159,Delaware,DE,2016,HILLARY CLINTON,DEMOCRAT,235603,3.0
160,Delaware,DE,2016,OTHER,OTHER,22267,3.0
161,Delaware,DE,2020,DONALD J TRUMP,REPUBLICAN,200603,3.0
162,Delaware,DE,2020,JO JORGENSEN,LIBERTARIAN,5000,3.0
163,Delaware,DE,2020,JOSEPH R BIDEN JR,DEMOCRAT,296268,3.0
164,Delaware,DE,2020,OTHER,GREEN,2139,3.0
165,District Of Columbia,DC,2000,AL GORE,DEMOCRAT,171923,
166,District Of Columbia,DC,2000,GEORGE W. BUSH,REPUBLICAN,18073,
167,District Of Columbia,DC,2000,OTHER,OTHER,1322,
168,District Of Columbia,DC,2000,RALPH NADER,GREEN,10576,
169,District Of Columbia,DC,2004,GEORGE W. BUSH,REPUBLICAN,21256,
170,District Of Columbia,DC,2004,JOHN KERRY,DEMOCRAT,202970,
171,District Of Columbia,DC,2004,OTHER,OTHER,3360,
172,District Of Columbia,DC,2008,BARACK OBAMA,DEMOCRAT,245800,
173,District Of Columbia,DC,2008,JOHN MCCAIN,REPUBLICAN,17367,
174,District Of Columbia,DC,2008,OTHER,OTHER,2686,
175,District Of Columbia,DC,2012,BARACK OBAMA,DEMOCRAT,267070,
176,District Of Columbia,DC,2012,MITT ROMNEY,REPUBLICAN,21381,
177,District Of Columbia,DC,2012,OTHER,OTHER,5313,
178,District Of Columbia,DC,2016,DONALD TRUMP,REPUBLICAN,12723,
179,District Of Columbia,DC,2016,HILLARY CLINTON,DEMOCRAT,282830,
180,District Of Columbia,DC,2016,OTHER,OTHER,15715,
181,District Of Columbia,DC,2020,DONALD J TRUMP,REPUBLICAN,18586,
182,District Of Columbia,DC,2020,JO JORGENSEN,LIBERTARIAN,2036,
183,District Of Columbia,DC,2020,JOSEPH R BIDEN JR,DEMOCRAT,317323,
184,District Of Columbia,DC,2020,OTHER,GREEN,1726,
185,District Of Columbia,DC,2020,OTHER,OTHER,4685,
186,Florida,FL,2000,AL GORE,DEMOCRAT,2911417,29.0
187,Florida,FL,2000,GEORGE W. BUSH,REPUBLICAN,2911215,29.0
188,Florida,FL,2000,OTHER,OTHER,40602,29.0
189,Florida,FL,2000,RALPH NADER,GREEN,97426,29.0
190,Florida,FL,2004,GEORGE W. BUSH,REPUBLICAN,3964522,29.0
191,Florida,FL,2004,JOHN KERRY,DEMOCRAT,3583544,29.0
192,Florida,FL,2004,OTHER,OTHER,61744,29.0
193,Florida,FL,2008,BARACK OBAMA,DEMOCRAT,4282366,29.0
194,Florida,FL,2008,JOHN MCCAIN,REPUBLICAN,4046212,29.0
195,Florida,FL,2008,OTHER,OTHER,63061,29.0
196,Florida,FL,2012,BARACK OBAMA,DEMOCRAT,4237756,29.0
197,Florida,FL,2012,MITT ROMNEY,REPUBLICAN,4163447,29.0
198,Florida,FL,2012,OTHER,OTHER,72976,29.0
199,Florida,FL,2016,DONALD TRUMP,REPUBLICAN,4617886,29.0
200,Florida,FL,2016,HILLARY CLINTON,DEMOCRAT,4504975,29.0
201,Florida,FL,2016,OTHER,OTHER,297178,29.0
202,Florida,FL,2020,DONALD J TRUMP,REPUBLICAN,5668731,29.0
203,Florida,FL,2020,JO JORGENSEN,LIBERTARIAN,70324,29.0
204,Florida,FL,2020,JOSEPH R BIDEN JR,DEMOCRAT,5297045,29.0
205,Florida,FL,2020,OTHER,GREEN,14721,29.0
206,Florida,FL,2020,OTHER,OTHER,16635,29.0
207,Georgia,GA,2000,AL GORE,DEMOCRAT,1116230,16.0
208,Georgia,GA,2000,GEORGE W. BUSH,REPUBLICAN,1419720,16.0
209,Georgia,GA,2000,OTHER,OTHER,47422,16.0
210,Georgia,GA,2000,RALPH NADER,GREEN,13432,16.0
211,Georgia,GA,2004,GEORGE W. BUSH,REPUBLICAN,1914254,16.0
212,Georgia,GA,2004,JOHN KERRY,DEMOCRAT,1366149,16.0
213,Georgia,GA,2004,OTHER,OTHER,18387,16.0
214,Georgia,GA,2008,BARACK OBAMA,DEMOCRAT,1844137,16.0
215,Georgia,GA,2008,JOHN MCCAIN,REPUBLICAN,2048744,16.0
216,Georgia,GA,2008,OTHER,OTHER,32397,16.0
217,Georgia,GA,2012,BARACK OBAMA,DEMOCRAT,1773827,16.0
218,Georgia,GA,2012,MITT ROMNEY,REPUBLICAN,2078688,16.0
219,Georgia,GA,2012,OTHER,OTHER,47535,16.0
220,Georgia,GA,2016,DONALD TRUMP,REPUBLICAN,2089104,16.0
221,Georgia,GA,2016,HILLARY CLINTON,DEMOCRAT,1877963,16.0
222,Georgia,GA,2016,OTHER,OTHER,147644,16.0
223,Georgia,GA,2020,DONALD J TRUMP,REPUBLICAN,2461837,16.0
224,Georgia,GA,2020,JO JORGENSEN,LIBERTARIAN,62138,16.0
225,Georgia,GA,2020,JOSEPH R BIDEN JR,DEMOCRAT,2474507,16.0
226,Hawaii,HI,2000,AL GORE,DEMOCRAT,205242,4.0
227,Hawaii,HI,2000,GEORGE W. BUSH,REPUBLICAN,137819,4.0
228,Hawaii,HI,2000,OTHER,OTHER,3196,4.0
229,Hawaii,HI,2000,RALPH NADER,GREEN,21614,4.0
230,Hawaii,HI,2004,GEORGE W. BUSH,REPUBLICAN,194116,4.0
231,Hawaii,HI,2004,JOHN KERRY,DEMOCRAT,231335,4.0
232,Hawaii,HI,2004,OTHER,OTHER,3104,4.0
233,Hawaii,HI,2008,BARACK OBAMA,DEMOCRAT,325201,4.0
234,Hawaii,HI,2008,JOHN MCCAIN,REPUBLICAN,120429,4.0
235,Hawaii,HI,2008,OTHER,OTHER,7112,4.0
236,Hawaii,HI,2012,BARACK OBAMA,DEMOCRAT,306266,4.0
237,Hawaii,HI,2012,MITT ROMNEY,REPUBLICAN,120937,4.0
238,Hawaii,HI,2012,OTHER,OTHER,7018,4.0
239,Hawaii,HI,2016,DONALD TRUMP,REPUBLICAN,128847,4.0
240,Hawaii,HI,2016,HILLARY CLINTON,DEMOCRAT,266891,4.0
241,Hawaii,HI,2016,OTHER,OTHER,33199,4.0
242,Hawaii,HI,2020,DONALD J TRUMP,REPUBLICAN,196855,4.0
243,Hawaii,HI,2020,JO JORGENSEN,LIBERTARIAN,5539,4.0
244,Hawaii,HI,2020,JOSEPH R BIDEN JR,DEMOCRAT,366127,4.0
245,Hawaii,HI,2020,OTHER,GREEN,3822,4.0
246,Hawaii,HI,2020,OTHER,OTHER,2114,4.0
247,Idaho,ID,2000,AL GORE,DEMOCRAT,138637,4.0
248,Idaho,ID,2000,GEORGE W. BUSH,REPUBLICAN,336937,4.0
249,Idaho,ID,2000,OTHER,OTHER,13755,4.0
250,Idaho,ID,2000,RALPH NADER,GREEN,12292,4.0
251,Idaho,ID,2004,GEORGE W. BUSH,REPUBLICAN,409235,4.0
252,Idaho,ID,2004,JOHN KERRY,DEMOCRAT,181098,4.0
253,Idaho,ID,2004,OTHER,OTHER,8043,4.0
254,Idaho,ID,2008,BARACK OBAMA,DEMOCRAT,236440,4.0
255,Idaho,ID,2008,JOHN MCCAIN,REPUBLICAN,403012,4.0
256,Idaho,ID,2008,OTHER,OTHER,15580,4.0
257,Idaho,ID,2012,BARACK OBAMA,DEMOCRAT,212787,4.0
258,Idaho,ID,2012,MITT ROMNEY,REPUBLICAN,420911,4.0
259,Idaho,ID,2012,OTHER,OTHER,18576,4.0
260,Idaho,ID,2016,DONALD TRUMP,REPUBLICAN,409055,4.0
261,Idaho,ID,2016,HILLARY CLINTON,DEMOCRAT,189765,4.0
262,Idaho,ID,2016,OTHER,OTHER,91613,4.0
263,Idaho,ID,2020,DONALD J TRUMP,REPUBLICAN,554119,4.0
264,Idaho,ID,2020,JO JORGENSEN,LIBERTARIAN,16404,4.0
265,Idaho,ID,2020,JOSEPH R BIDEN JR,DEMOCRAT,287021,4.0
266,Idaho,ID,2020,OTHER,OTHER,9817,4.0
267,Illinois,IL,2000,AL GORE,DEMOCRAT,2589026,20.0
268,Illinois,IL,2000,GEORGE W. BUSH,REPUBLICAN,2019421,20.0
269,Illinois,IL,2000,OTHER,OTHER,29917,20.0
270,Illinois,IL,2000,RALPH NADER,GREEN,103759,20.0
271,Illinois,IL,2004,GEORGE W. BUSH,REPUBLICAN,2346608,20.0
272,Illinois,IL,2004,JOHN KERRY,DEMOCRAT,2891989,20.0
273,Illinois,IL,2004,OTHER,OTHER,36818,20.0
274,Illinois,IL,2008,BARACK OBAMA,DEMOCRAT,3419673,20.0
275,Illinois,IL,2008,JOHN MCCAIN,REPUBLICAN,2031527,20.0
276,Illinois,IL,2008,OTHER,OTHER,71851,20.0
277,Illinois,IL,2012,BARACK OBAMA,DEMOCRAT,3019512,20.0
278,Illinois,IL,2012,MITT ROMNEY,REPUBLICAN,2135102,20.0
279,Illinois,IL,2012,OTHER,OTHER,87277,20.0
280,Illinois,IL,2016,DONALD TRUMP,REPUBLICAN,2146015,20.0
281,Illinois,IL,2016,HILLARY CLINTON,DEMOCRAT,3090729,20.0
282,Illinois,IL,2016,OTHER,OTHER,321963,20.0
283,Illinois,IL,2020,DONALD J TRUMP,REPUBLICAN,2446891,20.0
284,Illinois,IL,2020,JO JORGENSEN,LIBERTARIAN,66544,20.0
285,Illinois,IL,2020,JOSEPH R BIDEN JR,DEMOCRAT,3471915,20.0
286,Illinois,IL,2020,OTHER,GREEN,30578,20.0
287,Illinois,IL,2020,OTHER,OTHER,17816,20.0
288,Indiana,IN,2000,AL GORE,DEMOCRAT,901980,11.0
289,Indiana,IN,2000,GEORGE W. BUSH,REPUBLICAN,1245836,11.0
290,Indiana,IN,2000,OTHER,OTHER,32983,11.0
291,Indiana,IN,2000,RALPH NADER,GREEN,18506,11.0
292,Indiana,IN,2004,GEORGE W. BUSH,REPUBLICAN,1479438,11.0
293,Indiana,IN,2004,JOHN KERRY,DEMOCRAT,969011,11.0
294,Indiana,IN,2004,OTHER,OTHER,19553,11.0
295,Indiana,IN,2008,BARACK OBAMA,DEMOCRAT,1374039,11.0
296,Indiana,IN,2008,JOHN MCCAIN,REPUBLICAN,1345648,11.0
297,Indiana,IN,2008,OTHER,OTHER,31367,11.0
298,Indiana,IN,2012,BARACK OBAMA,DEMOCRAT,1152887,11.0
299,Indiana,IN,2012,MITT ROMNEY,REPUBLICAN,1420543,11.0
300,Indiana,IN,2012,OTHER,OTHER,51104,11.0
301,Indiana,IN,2016,DONALD TRUMP,REPUBLICAN,1557286,11.0
302,Indiana,IN,2016,HILLARY CLINTON,DEMOCRAT,1033126,11.0
303,Indiana,IN,2016,OTHER,OTHER,144546,11.0
304,Indiana,IN,2020,DONALD J TRUMP,REPUBLICAN,1729519,11.0
305,Indiana,IN,2020,JO JORGENSEN,LIBERTARIAN,59232,11.0
306,Indiana,IN,2020,JOSEPH R BIDEN JR,DEMOCRAT,1242416,11.0
307,Indiana,IN,2020,OTHER,GREEN,989,11.0
308,Indiana,IN,2020,OTHER,OTHER,965,11.0
309,Iowa,IA,2000,AL GORE,DEMOCRAT,638517,6.0
310,Iowa,IA,2000,GEORGE W. BUSH,REPUBLICAN,634373,6.0
311,Iowa,IA,2000,OTHER,OTHER,13299,6.0
312,Iowa,IA,2000,RALPH NADER,GREEN,29374,6.0
313,Iowa,IA,2004,GEORGE W. BUSH,REPUBLICAN,751957,6.0
314,Iowa,IA,2004,JOHN KERRY,DEMOCRAT,741898,6.0
315,Iowa,IA,2004,OTHER,OTHER,13053,6.0
316,Iowa,IA,2008,BARACK OBAMA,DEMOCRAT,828940,6.0
317,Iowa,IA,2008,JOHN MCCAIN,REPUBLICAN,682379,6.0
318,Iowa,IA,2008,OTHER,OTHER,25501,6.0
319,Iowa,IA,2012,BARACK OBAMA,DEMOCRAT,822544,6.0
320,Iowa,IA,2012,MITT ROMNEY,REPUBLICAN,730617,6.0
321,Iowa,IA,2012,OTHER,OTHER,29019,6.0
322,Iowa,IA,2016,DONALD TRUMP,REPUBLICAN,800983,6.0
323,Iowa,IA,2016,HILLARY CLINTON,DEMOCRAT,653669,6.0
324,Iowa,IA,2016,OTHER,OTHER,111379,6.0
325,Iowa,IA,2020,DONALD J TRUMP,REPUBLICAN,902009,6.0
326,Iowa,IA,2020,JO JORGENSEN,LIBERTARIAN,19637,6.0
327,Iowa,IA,2020,JOSEPH R BIDEN JR,DEMOCRAT,759061,6.0
328,Iowa,IA,2020,OTHER,GREEN,3075,6.0
329,Iowa,IA,2020,OTHER,OTHER,7089,6.0
330,Kansas,KS,2000,AL GORE,DEMOCRAT,399276,6.0
331,Kansas,KS,2000,GEORGE W. BUSH,REPUBLICAN,622332,6.0
332,Kansas,KS,2000,OTHER,OTHER,14522,6.0
333,Kansas,KS,2000,RALPH NADER,GREEN,36086,6.0
334,Kansas,KS,2004,GEORGE W. BUSH,REPUBLICAN,736456,6.0
335,Kansas,KS,2004,JOHN KERRY,DEMOCRAT,434993,6.0
336,Kansas,KS,2004,OTHER,OTHER,16307,6.0
337,Kansas,KS,2008,BARACK OBAMA,DEMOCRAT,514765,6.0
338,Kansas,KS,2008,JOHN MCCAIN,REPUBLICAN,699655,6.0
339,Kansas,KS,2008,OTHER,OTHER,21452,6.0
340,Kansas,KS,2012,BARACK OBAMA,DEMOCRAT,439908,6.0
341,Kansas,KS,2012,MITT ROMNEY,REPUBLICAN,689809,6.0
342,Kansas,KS,2012,OTHER,OTHER,26537,6.0
343,Kansas,KS,2016,DONALD TRUMP,REPUBLICAN,671018,6.0
344,Kansas,KS,2016,HILLARY CLINTON,DEMOCRAT,427005,6.0
345,Kansas,KS,2016,OTHER,OTHER,86380,6.0
346,Kansas,KS,2020,DONALD J TRUMP,REPUBLICAN,771406,6.0
347,Kansas,KS,2020,JO JORGENSEN,LIBERTARIAN,30574,6.0
348,Kansas,KS,2020,JOSEPH R BIDEN JR,DEMOCRAT,570323,6.0
349,Kentucky,KY,2000,AL GORE,DEMOCRAT,638898,8.0
350,Kentucky,KY,2000,GEORGE W. BUSH,REPUBLICAN,872492,8.0
351,Kentucky,KY,2000,OTHER,OTHER,9605,8.0
352,Kentucky,KY,2000,RALPH NADER,GREEN,23192,8.0
353,Kentucky,KY,2004,GEORGE W. BUSH,REPUBLICAN,1069439,8.0
354,Kentucky,KY,2004,JOHN KERRY,DEMOCRAT,712733,8.0
355,Kentucky,KY,2004,OTHER,OTHER,13688,8.0
356,Kentucky,KY,2008,BARACK OBAMA,DEMOCRAT,751985,8.0
357,Kentucky,KY,2008,JOHN MCCAIN,REPUBLICAN,1048462,8.0
358,Kentucky,KY,2008,OTHER,OTHER,26061,8.0
359,Kentucky,KY,2012,BARACK OBAMA,DEMOCRAT,679370,8.0
360,Kentucky,KY,2012,MITT ROMNEY,REPUBLICAN,1087190,8.0
361,Kentucky,KY,2012,OTHER,OTHER,30652,8.0
362,Kentucky,KY,2016,DONALD TRUMP,REPUBLICAN,1202971,8.0
363,Kentucky,KY,2016,HILLARY CLINTON,DEMOCRAT,628854,8.0
364,Kentucky,KY,2016,OTHER,OTHER,92324,8.0
365,Kentucky,KY,2020,DONALD J TRUMP,REPUBLICAN,1326418,8.0
366,Kentucky,KY,2020,JO JORGENSEN,LIBERTARIAN,26217,8.0
367,Kentucky,KY,2020,JOSEPH R BIDEN JR,DEMOCRAT,772285,8.0
368,Kentucky,KY,2020,OTHER,OTHER,10076,8.0
369,Louisiana,LA,2000,AL GORE,DEMOCRAT,792344,8.0
370,Louisiana,LA,2000,GEORGE W. BUSH,REPUBLICAN,927871,8.0
371,Louisiana,LA,2000,OTHER,OTHER,24968,8.0
372,Louisiana,LA,2000,RALPH NADER,GREEN,20473,8.0
373,Louisiana,LA,2004,GEORGE W. BUSH,REPUBLICAN,1102169,8.0
374,Louisiana,LA,2004,JOHN KERRY,DEMOCRAT,820299,8.0
375,Louisiana,LA,2004,OTHER,OTHER,20638,8.0
376,Louisiana,LA,2008,BARACK OBAMA,DEMOCRAT,781574,8.0
377,Louisiana,LA,2008,JOHN MCCAIN,REPUBLICAN,1148015,8.0
378,Louisiana,LA,2008,OTHER,OTHER,29496,8.0
379,Louisiana,LA,2012,BARACK OBAMA,DEMOCRAT,809141,8.0
380,Louisiana,LA,2012,MITT ROMNEY,REPUBLICAN,1152262,8.0
381,Louisiana,LA,2012,OTHER,OTHER,32662,8.0
382,Louisiana,LA,2016,DONALD TRUMP,REPUBLICAN,1178638,8.0
383,Louisiana,LA,2016,HILLARY CLINTON,DEMOCRAT,780154,8.0
384,Louisiana,LA,2016,OTHER,OTHER,70240,8.0
385,Louisiana,LA,2020,DONALD J TRUMP,REPUBLICAN,1255776,8.0
386,Louisiana,LA,2020,JO JORGENSEN,LIBERTARIAN,21645,8.0
387,Louisiana,LA,2020,JOSEPH R BIDEN JR,DEMOCRAT,856034,8.0
388,Louisiana,LA,2020,OTHER,OTHER,14607,8.0
389,Maine,ME,2000,AL GORE,DEMOCRAT,319951,4.0
390,Maine,ME,2000,GEORGE W. BUSH,REPUBLICAN,286616,4.0
391,Maine,ME,2000,OTHER,OTHER,8123,4.0
392,Maine,ME,2000,RALPH NADER,GREEN,37127,4.0
393,Maine,ME,2004,GEORGE W. BUSH,REPUBLICAN,308997,4.0
394,Maine,ME,2004,JOHN KERRY,DEMOCRAT,364153,4.0
395,Maine,ME,2004,OTHER,OTHER,13360,4.0
396,Maine,ME,2008,BARACK OBAMA,DEMOCRAT,421923,4.0
397,Maine,ME,2008,JOHN MCCAIN,REPUBLICAN,295273,4.0
398,Maine,ME,2008,OTHER,OTHER,13967,4.0
399,Maine,ME,2012,BARACK OBAMA,DEMOCRAT,401306,4.0
400,Maine,ME,2012,MITT ROMNEY,REPUBLICAN,292276,4.0
401,Maine,ME,2012,OTHER,OTHER,19598,4.0
402,Maine,ME,2016,DONALD TRUMP,REPUBLICAN,335593,4.0
403,Maine,ME,2016,HILLARY CLINTON,DEMOCRAT,357735,4.0
404,Maine,ME,2016,OTHER,OTHER,54599,4.0
405,Maine,ME,2020,DONALD J TRUMP,REPUBLICAN,359899,4.0
406,Maine,ME,2020,JO JORGENSEN,LIBERTARIAN,14005,4.0
407,Maine,ME,2020,JOSEPH R BIDEN JR,DEMOCRAT,430473,4.0
408,Maine,ME,2020,OTHER,GREEN,8111,4.0
409,Maine,ME,2020,OTHER,OTHER,10046,4.0
410,Maryland,MD,2000,AL GORE,DEMOCRAT,1145782,10.0
411,Maryland,MD,2000,GEORGE W. BUSH,REPUBLICAN,813797,10.0
412,Maryland,MD,2000,OTHER,OTHER,12133,10.0
413,Maryland,MD,2000,RALPH NADER,GREEN,53768,10.0
414,Maryland,MD,2004,GEORGE W. BUSH,REPUBLICAN,1024703,10.0
415,Maryland,MD,2004,JOHN KERRY,DEMOCRAT,1334493,10.0
416,Maryland,MD,2004,OTHER,OTHER,27482,10.0
417,Maryland,MD,2008,BARACK OBAMA,DEMOCRAT,1629467,10.0
418,Maryland,MD,2008,JOHN MCCAIN,REPUBLICAN,959862,10.0
419,Maryland,MD,2008,OTHER,OTHER,42267,10.0
420,Maryland,MD,2012,BARACK OBAMA,DEMOCRAT,1677844,10.0
421,Maryland,MD,2012,MITT ROMNEY,REPUBLICAN,971869,10.0
422,Maryland,MD,2012,OTHER,OTHER,57614,10.0
423,Maryland,MD,2016,DONALD TRUMP,REPUBLICAN,943169,10.0
424,Maryland,MD,2016,HILLARY CLINTON,DEMOCRAT,1677928,10.0
425,Maryland,MD,2016,OTHER,OTHER,160349,10.0
426,Maryland,MD,2020,DONALD J TRUMP,REPUBLICAN,976414,10.0
427,Maryland,MD,2020,JO JORGENSEN,LIBERTARIAN,33488,10.0
428,Maryland,MD,2020,JOSEPH R BIDEN JR,DEMOCRAT,1985023,10.0
429,Maryland,MD,2020,OTHER,GREEN,15799,10.0
430,Maryland,MD,2020,OTHER,OTHER,26307,10.0
431,Massachusetts,MA,2000,AL GORE,DEMOCRAT,1616487,11.0
432,Massachusetts,MA,2000,GEORGE W. BUSH,REPUBLICAN,878502,11.0
433,Massachusetts,MA,2000,OTHER,OTHER,34431,11.0
434,Massachusetts,MA,2000,RALPH NADER,GREEN,173564,11.0
435,Massachusetts,MA,2004,GEORGE W. BUSH,REPUBLICAN,1071109,11.0
436,Massachusetts,MA,2004,JOHN KERRY,DEMOCRAT,1803800,11.0
437,Massachusetts,MA,2004,OTHER,OTHER,37479,11.0
438,Massachusetts,MA,2008,BARACK OBAMA,DEMOCRAT,1904103,11.0
439,Massachusetts,MA,2008,JOHN MCCAIN,REPUBLICAN,1108885,11.0
440,Massachusetts,MA,2008,OTHER,OTHER,68348,11.0
441,Massachusetts,MA,2012,BARACK OBAMA,DEMOCRAT,1921290,11.0
442,Massachusetts,MA,2012,MITT ROMNEY,REPUBLICAN,1188314,11.0
443,Massachusetts,MA,2012,OTHER,OTHER,58163,11.0
444,Massachusetts,MA,2016,DONALD TRUMP,REPUBLICAN,1090893,11.0
445,Massachusetts,MA,2016,HILLARY CLINTON,DEMOCRAT,1995196,11.0
446,Massachusetts,MA,2016,OTHER,OTHER,188466,11.0
447,Massachusetts,MA,2020,DONALD J TRUMP,REPUBLICAN,1167202,11.0
448,Massachusetts,MA,2020,JO JORGENSEN,LIBERTARIAN,47013,11.0
449,Massachusetts,MA,2020,JOSEPH R BIDEN JR,DEMOCRAT,2382202,11.0
450,Massachusetts,MA,2020,OTHER,GREEN,18658,11.0
451,Massachusetts,MA,2020,OTHER,OTHER,42930,11.0
452,Michigan,MI,2000,AL GORE,DEMOCRAT,2170418,16.0
453,Michigan,MI,2000,GEORGE W. BUSH,REPUBLICAN,1953139,16.0
454,Michigan,MI,2000,OTHER,OTHER,24989,16.0
455,Michigan,MI,2000,RALPH NADER,GREEN,84165,16.0
456,Michigan,MI,2004,GEORGE W. BUSH,REPUBLICAN,2313746,16.0
457,Michigan,MI,2004,JOHN KERRY,DEMOCRAT,2479183,16.0
458,Michigan,MI,2004,OTHER,OTHER,46323,16.0
459,Michigan,MI,2008,BARACK OBAMA,DEMOCRAT,2872579,16.0
460,Michigan,MI,2008,JOHN MCCAIN,REPUBLICAN,2048639,16.0
461,Michigan,MI,2008,OTHER,OTHER,80548,16.0
462,Michigan,MI,2012,BARACK OBAMA,DEMOCRAT,2564569,16.0
463,Michigan,MI,2012,MITT ROMNEY,REPUBLICAN,2115256,16.0
464,Michigan,MI,2012,OTHER,OTHER,51136,16.0
465,Michigan,MI,2016,DONALD TRUMP,REPUBLICAN,2279543,16.0
466,Michigan,MI,2016,HILLARY CLINTON,DEMOCRAT,2268839,16.0
467,Michigan,MI,2016,OTHER,OTHER,250902,16.0
468,Michigan,MI,2020,DONALD J TRUMP,REPUBLICAN,2649852,16.0
469,Michigan,MI,2020,JO JORGENSEN,LIBERTARIAN,60381,16.0
470,Michigan,MI,2020,JOSEPH R BIDEN JR,DEMOCRAT,2804040,16.0
471,Michigan,MI,2020,OTHER,GREEN,13718,16.0
472,Michigan,MI,2020,OTHER,OTHER,11311,16.0
473,Minnesota,MN,2000,AL GORE,DEMOCRAT,1168266,10.0
474,Minnesota,MN,2000,GEORGE W. BUSH,REPUBLICAN,1109659,10.0
475,Minnesota,MN,2000,OTHER,OTHER,34064,10.0
476,Minnesota,MN,2000,RALPH NADER,GREEN,126696,10.0
477,Minnesota,MN,2004,GEORGE W. BUSH,REPUBLICAN,1346451,10.0
478,Minnesota,MN,2004,JOHN KERRY,DEMOCRAT,1444751,10.0
479,Minnesota,MN,2004,OTHER,OTHER,36648,10.0
480,Minnesota,MN,2008,BARACK OBAMA,DEMOCRAT,1573354,10.0
481,Minnesota,MN,2008,JOHN MCCAIN,REPUBLICAN,1275409,10.0
482,Minnesota,MN,2008,OTHER,OTHER,61606,10.0
483,Minnesota,MN,2012,BARACK OBAMA,DEMOCRAT,1546167,10.0
484,Minnesota,MN,2012,MITT ROMNEY,REPUBLICAN,1320225,10.0
485,Minnesota,MN,2012,OTHER,OTHER,70169,10.0
486,Minnesota,MN,2016,DONALD TRUMP,REPUBLICAN,1322951,10.0
487,Minnesota,MN,2016,HILLARY CLINTON,DEMOCRAT,1367716,10.0
488,Minnesota,MN,2016,OTHER,OTHER,254146,10.0
489,Minnesota,MN,2020,DONALD J TRUMP,REPUBLICAN,1484065,10.0
490,Minnesota,MN,2020,JO JORGENSEN,LIBERTARIAN,34976,10.0
491,Minnesota,MN,2020,JOSEPH R BIDEN JR,DEMOCRAT,1717077,10.0
492,Minnesota,MN,2020,OTHER,GREEN,10033,10.0
493,Minnesota,MN,2020,OTHER,OTHER,31020,10.0
494,Mississippi,MS,2000,AL GORE,DEMOCRAT,404964,6.0
495,Mississippi,MS,2000,GEORGE W. BUSH,REPUBLICAN,573230,6.0
496,Mississippi,MS,2000,OTHER,OTHER,8606,6.0
497,Mississippi,MS,2000,RALPH NADER,GREEN,8126,6.0
498,Mississippi,MS,2004,GEORGE W. BUSH,REPUBLICAN,666295,6.0
499,Mississippi,MS,2004,JOHN KERRY,DEMOCRAT,440034,6.0
500,Mississippi,MS,2004,OTHER,OTHER,8530,6.0
501,Mississippi,MS,2008,BARACK OBAMA,DEMOCRAT,554662,6.0
502,Mississippi,MS,2008,JOHN MCCAIN,REPUBLICAN,724497,6.0
503,Mississippi,MS,2008,OTHER,OTHER,6100,6.0
504,Mississippi,MS,2012,BARACK OBAMA,DEMOCRAT,562949,6.0
505,Mississippi,MS,2012,MITT ROMNEY,REPUBLICAN,710746,6.0
506,Mississippi,MS,2012,OTHER,OTHER,11889,6.0
507,Mississippi,MS,2016,DONALD TRUMP,REPUBLICAN,700714,6.0
508,Mississippi,MS,2016,HILLARY CLINTON,DEMOCRAT,485131,6.0
509,Mississippi,MS,2016,OTHER,OTHER,23512,6.0
510,Mississippi,MS,2020,DONALD J TRUMP,REPUBLICAN,756764,6.0
511,Mississippi,MS,2020,JO JORGENSEN,LIBERTARIAN,8026,6.0
512,Mississippi,MS,2020,JOSEPH R BIDEN JR,DEMOCRAT,539398,6.0
513,Mississippi,MS,2020,OTHER,GREEN,1498,6.0
514,Mississippi,MS,2020,OTHER,OTHER,8073,6.0
515,Missouri,MO,2000,AL GORE,DEMOCRAT,1111138,10.0
516,Missouri,MO,2000,GEORGE W. BUSH,REPUBLICAN,1189924,10.0
517,Missouri,MO,2000,OTHER,OTHER,20315,10.0
518,Missouri,MO,2000,RALPH NADER,GREEN,38515,10.0
519,Missouri,MO,2004,GEORGE W. BUSH,REPUBLICAN,1455713,10.0
520,Missouri,MO,2004,JOHN KERRY,DEMOCRAT,1259171,10.0
521,Missouri,MO,2004,OTHER,OTHER,16480,10.0
522,Missouri,MO,2008,BARACK OBAMA,DEMOCRAT,1441911,10.0
523,Missouri,MO,2008,JOHN MCCAIN,REPUBLICAN,1445814,10.0
524,Missouri,MO,2008,OTHER,OTHER,37480,10.0
525,Missouri,MO,2012,BARACK OBAMA,DEMOCRAT,1223796,10.0
526,Missouri,MO,2012,MITT ROMNEY,REPUBLICAN,1482440,10.0
527,Missouri,MO,2012,OTHER,OTHER,51076,10.0
528,Missouri,MO,2016,DONALD TRUMP,REPUBLICAN,1594511,10.0
529,Missouri,MO,2016,HILLARY CLINTON,DEMOCRAT,1071068,10.0
530,Missouri,MO,2016,OTHER,OTHER,141802,10.0
531,Missouri,MO,2020,DONALD J TRUMP,REPUBLICAN,1718736,10.0
532,Missouri,MO,2020,JO JORGENSEN,LIBERTARIAN,41205,10.0
533,Missouri,MO,2020,JOSEPH R BIDEN JR,DEMOCRAT,1253014,10.0
534,Missouri,MO,2020,OTHER,GREEN,8947,10.0
535,Missouri,MO,2020,OTHER,OTHER,4060,10.0
536,Montana,MT,2000,AL GORE,DEMOCRAT,137126,3.0
537,Montana,MT,2000,GEORGE W. BUSH,REPUBLICAN,240178,3.0
538,Montana,MT,2000,OTHER,OTHER,9245,3.0
539,Montana,MT,2000,RALPH NADER,GREEN,24437,3.0
540,Montana,MT,2004,GEORGE W. BUSH,REPUBLICAN,266063,3.0
541,Montana,MT,2004,JOHN KERRY,DEMOCRAT,173710,3.0
542,Montana,MT,2004,OTHER,OTHER,10661,3.0
543,Montana,MT,2008,BARACK OBAMA,DEMOCRAT,232156,3.0
544,Montana,MT,2008,JOHN MCCAIN,REPUBLICAN,243860,3.0
545,Montana,MT,2008,OTHER,OTHER,20056,3.0
546,Montana,MT,2012,BARACK OBAMA,DEMOCRAT,201839,3.0
547,Montana,MT,2012,MITT ROMNEY,REPUBLICAN,267928,3.0
548,Montana,MT,2012,OTHER,OTHER,14165,3.0
549,Montana,MT,2016,DONALD TRUMP,REPUBLICAN,279240,3.0
550,Montana,MT,2016,HILLARY CLINTON,DEMOCRAT,177709,3.0
551,Montana,MT,2016,OTHER,OTHER,40198,3.0
552,Montana,MT,2020,DONALD J TRUMP,REPUBLICAN,343602,3.0
553,Montana,MT,2020,JO JORGENSEN,LIBERTARIAN,15252,3.0
554,Montana,MT,2020,JOSEPH R BIDEN JR,DEMOCRAT,244786,3.0
555,Nebraska,NE,2000,AL GORE,DEMOCRAT,231780,5.0
556,Nebraska,NE,2000,GEORGE W. BUSH,REPUBLICAN,433862,5.0
557,Nebraska,NE,2000,OTHER,OTHER,6837,5.0
558,Nebraska,NE,2000,RALPH NADER,GREEN,24540,5.0
559,Nebraska,NE,2004,GEORGE W. BUSH,REPUBLICAN,512814,5.0
560,Nebraska,NE,2004,JOHN KERRY,DEMOCRAT,254328,5.0
561,Nebraska,NE,2004,OTHER,OTHER,11044,5.0
562,Nebraska,NE,2008,BARACK OBAMA,DEMOCRAT,333319,5.0
563,Nebraska,NE,2008,JOHN MCCAIN,REPUBLICAN,452979,5.0
564,Nebraska,NE,2008,OTHER,OTHER,14983,5.0
565,Nebraska,NE,2012,BARACK OBAMA,DEMOCRAT,302081,5.0
566,Nebraska,NE,2012,MITT ROMNEY,REPUBLICAN,475064,5.0
567,Nebraska,NE,2012,OTHER,OTHER,17234,5.0
568,Nebraska,NE,2016,DONALD TRUMP,REPUBLICAN,495961,5.0
569,Nebraska,NE,2016,HILLARY CLINTON,DEMOCRAT,284494,5.0
570,Nebraska,NE,2016,OTHER,OTHER,63772,5.0
571,Nebraska,NE,2020,DONALD J TRUMP,REPUBLICAN,556846,5.0
572,Nebraska,NE,2020,JO JORGENSEN,LIBERTARIAN,20283,5.0
573,Nebraska,NE,2020,JOSEPH R BIDEN JR,DEMOCRAT,374583,5.0
574,Nevada,NV,2000,AL GORE,DEMOCRAT,279978,6.0
575,Nevada,NV,2000,GEORGE W. BUSH,REPUBLICAN,301575,6.0
576,Nevada,NV,2000,OTHER,OTHER,12409,6.0
577,Nevada,NV,2000,RALPH NADER,GREEN,15008,6.0
578,Nevada,NV,2004,GEORGE W. BUSH,REPUBLICAN,418690,6.0
579,Nevada,NV,2004,JOHN KERRY,DEMOCRAT,397190,6.0
580,Nevada,NV,2004,OTHER,OTHER,13707,6.0
581,Nevada,NV,2008,BARACK OBAMA,DEMOCRAT,533736,6.0
582,Nevada,NV,2008,JOHN MCCAIN,REPUBLICAN,412827,6.0
583,Nevada,NV,2008,OTHER,OTHER,21285,6.0
584,Nevada,NV,2012,BARACK OBAMA,DEMOCRAT,531373,6.0
585,Nevada,NV,2012,MITT ROMNEY,REPUBLICAN,463567,6.0
586,Nevada,NV,2012,OTHER,OTHER,19978,6.0
587,Nevada,NV,2016,DONALD TRUMP,REPUBLICAN,512058,6.0
588,Nevada,NV,2016,HILLARY CLINTON,DEMOCRAT,539260,6.0
589,Nevada,NV,2016,OTHER,OTHER,74067,6.0
590,Nevada,NV,2020,DONALD J TRUMP,REPUBLICAN,669608,6.0
591,Nevada,NV,2020,JO JORGENSEN,LIBERTARIAN,14774,6.0
592,Nevada,NV,2020,JOSEPH R BIDEN JR,DEMOCRAT,703314,6.0
593,Nevada,NV,2020,OTHER,OTHER,17215,6.0
594,New Hampshire,NH,2000,AL GORE,DEMOCRAT,266348,4.0
595,New Hampshire,NH,2000,GEORGE W. BUSH,REPUBLICAN,273559,4.0
596,New Hampshire,NH,2000,OTHER,OTHER,6976,4.0
597,New Hampshire,NH,2000,RALPH NADER,GREEN,22198,4.0
598,New Hampshire,NH,2004,GEORGE W. BUSH,REPUBLICAN,331237,4.0
599,New Hampshire,NH,2004,JOHN KERRY,DEMOCRAT,340511,4.0
600,New Hampshire,NH,2004,OTHER,OTHER,5914,4.0
601,New Hampshire,NH,2008,BARACK OBAMA,DEMOCRAT,384826,4.0
602,New Hampshire,NH,2008,JOHN MCCAIN,REPUBLICAN,316534,4.0
603,New Hampshire,NH,2008,OTHER,OTHER,9610,4.0
604,New Hampshire,NH,2012,BARACK OBAMA,DEMOCRAT,369561,4.0
605,New Hampshire,NH,2012,MITT ROMNEY,REPUBLICAN,329918,4.0
606,New Hampshire,NH,2012,OTHER,OTHER,11452,4.0
607,New Hampshire,NH,2016,DONALD TRUMP,REPUBLICAN,345790,4.0
608,New Hampshire,NH,2016,HILLARY CLINTON,DEMOCRAT,348526,4.0
609,New Hampshire,NH,2016,OTHER,OTHER,49980,4.0
610,New Hampshire,NH,2020,DONALD J TRUMP,REPUBLICAN,365660,4.0
611,New Hampshire,NH,2020,JO JORGENSEN,LIBERTARIAN,13236,4.0
612,New Hampshire,NH,2020,JOSEPH R BIDEN JR,DEMOCRAT,424937,4.0
613,New Jersey,NJ,2000,AL GORE,DEMOCRAT,1788850,14.0
614,New Jersey,NJ,2000,GEORGE W. BUSH,REPUBLICAN,1284173,14.0
615,New Jersey,NJ,2000,OTHER,OTHER,19649,14.0
616,New Jersey,NJ,2000,RALPH NADER,GREEN,94554,14.0
617,New Jersey,NJ,2004,GEORGE W. BUSH,REPUBLICAN,1668003,14.0
618,New Jersey,NJ,2004,JOHN KERRY,DEMOCRAT,1911430,14.0
619,New Jersey,NJ,2004,OTHER,OTHER,30258,14.0
620,New Jersey,NJ,2008,BARACK OBAMA,DEMOCRAT,2215422,14.0
621,New Jersey,NJ,2008,JOHN MCCAIN,REPUBLICAN,1613207,14.0
622,New Jersey,NJ,2008,OTHER,OTHER,9869,14.0
623,New Jersey,NJ,2012,BARACK OBAMA,DEMOCRAT,2125101,14.0
624,New Jersey,NJ,2012,MITT ROMNEY,REPUBLICAN,1477568,14.0
625,New Jersey,NJ,2012,OTHER,OTHER,37623,14.0
626,New Jersey,NJ,2016,DONALD TRUMP,REPUBLICAN,1601933,14.0
627,New Jersey,NJ,2016,HILLARY CLINTON,DEMOCRAT,2148278,14.0
628,New Jersey,NJ,2016,OTHER,OTHER,123835,14.0
629,New Jersey,NJ,2020,DONALD J TRUMP,REPUBLICAN,1883274,14.0
630,New Jersey,NJ,2020,JO JORGENSEN,LIBERTARIAN,31677,14.0
631,New Jersey,NJ,2020,JOSEPH R BIDEN JR,DEMOCRAT,2608335,14.0
632,New Jersey,NJ,2020,OTHER,GREEN,14202,14.0
633,New Jersey,NJ,2020,OTHER,OTHER,11865,14.0
634,New Mexico,NM,2000,AL GORE,DEMOCRAT,286783,5.0
635,New Mexico,NM,2000,GEORGE W. BUSH,REPUBLICAN,286417,5.0
636,New Mexico,NM,2000,OTHER,OTHER,4154,5.0
637,New Mexico,NM,2000,RALPH NADER,GREEN,21251,5.0
638,New Mexico,NM,2004,GEORGE W. BUSH,REPUBLICAN,376930,5.0
639,New Mexico,NM,2004,JOHN KERRY,DEMOCRAT,370942,5.0
640,New Mexico,NM,2004,OTHER,OTHER,8432,5.0
641,New Mexico,NM,2008,BARACK OBAMA,DEMOCRAT,472422,5.0
642,New Mexico,NM,2008,JOHN MCCAIN,REPUBLICAN,346832,5.0
643,New Mexico,NM,2008,OTHER,OTHER,10904,5.0
644,New Mexico,NM,2012,BARACK OBAMA,DEMOCRAT,415335,5.0
645,New Mexico,NM,2012,MITT ROMNEY,REPUBLICAN,335788,5.0
646,New Mexico,NM,2012,OTHER,OTHER,32635,5.0
647,New Mexico,NM,2016,DONALD TRUMP,REPUBLICAN,319667,5.0
648,New Mexico,NM,2016,HILLARY CLINTON,DEMOCRAT,385234,5.0
649,New Mexico,NM,2016,OTHER,OTHER,93418,5.0
650,New Mexico,NM,2020,DONALD J TRUMP,REPUBLICAN,401894,5.0
651,New Mexico,NM,2020,JO JORGENSEN,LIBERTARIAN,12585,5.0
652,New Mexico,NM,2020,JOSEPH R BIDEN JR,DEMOCRAT,501614,5.0
653,New Mexico,NM,2020,OTHER,GREEN,4426,5.0
654,New Mexico,NM,2020,OTHER,OTHER,3446,5.0
655,New York,NY,2000,AL GORE,DEMOCRAT,4107697,29.0
656,New York,NY,2000,GEORGE W. BUSH,REPUBLICAN,2403374,29.0
657,New York,NY,2000,OTHER,OTHER,66898,29.0
658,New York,NY,2000,RALPH NADER,GREEN,244030,29.0
659,New York,NY,2004,GEORGE W. BUSH,REPUBLICAN,2806993,29.0
660,New York,NY,2004,JOHN KERRY,DEMOCRAT,4180755,29.0
661,New York,NY,2004,OTHER,OTHER,403288,29.0
662,New York,NY,2008,BARACK OBAMA,DEMOCRAT,4769700,29.0
663,New York,NY,2008,JOHN MCCAIN,REPUBLICAN,2742298,29.0
664,New York,NY,2008,OTHER,OTHER,79235,29.0
665,New York,NY,2012,BARACK OBAMA,DEMOCRAT,4324228,29.0
666,New York,NY,2012,MITT ROMNEY,REPUBLICAN,2223397,29.0
667,New York,NY,2012,OTHER,OTHER,514300,29.0
668,New York,NY,2016,DONALD TRUMP,REPUBLICAN,2814589,29.0
669,New York,NY,2016,HILLARY CLINTON,DEMOCRAT,4547562,29.0
670,New York,NY,2016,OTHER,OTHER,345212,29.0
671,New York,NY,2020,DONALD J TRUMP,REPUBLICAN,3244798,29.0
672,New York,NY,2020,JO JORGENSEN,LIBERTARIAN,60234,29.0
673,New York,NY,2020,JOSEPH R BIDEN JR,DEMOCRAT,5230985,29.0
674,New York,NY,2020,OTHER,GREEN,32753,29.0
675,New York,NY,2020,OTHER,OTHER,92965,29.0
676,North Carolina,NC,2000,AL GORE,DEMOCRAT,1257692,15.0
677,North Carolina,NC,2000,GEORGE W. BUSH,REPUBLICAN,1631163,15.0
678,North Carolina,NC,2000,OTHER,OTHER,22407,15.0
679,North Carolina,NC,2000,RALPH NADER,GREEN,0,15.0
680,North Carolina,NC,2004,GEORGE W. BUSH,REPUBLICAN,1961166,15.0
681,North Carolina,NC,2004,JOHN KERRY,DEMOCRAT,1525849,15.0
682,North Carolina,NC,2004,OTHER,OTHER,13992,15.0
683,North Carolina,NC,2008,BARACK OBAMA,DEMOCRAT,2142651,15.0
684,North Carolina,NC,2008,JOHN MCCAIN,REPUBLICAN,2128474,15.0
685,North Carolina,NC,2008,OTHER,OTHER,39664,15.0
686,North Carolina,NC,2012,BARACK OBAMA,DEMOCRAT,2178391,15.0
687,North Carolina,NC,2012,MITT ROMNEY,REPUBLICAN,2270395,15.0
688,North Carolina,NC,2012,OTHER,OTHER,56586,15.0
689,North Carolina,NC,2016,DONALD TRUMP,REPUBLICAN,2362631,15.0
690,North Carolina,NC,2016,HILLARY CLINTON,DEMOCRAT,2189316,15.0
691,North Carolina,NC,2016,OTHER,OTHER,189617,15.0
692,North Carolina,NC,2020,DONALD J TRUMP,REPUBLICAN,2758773,15.0
693,North Carolina,NC,2020,JO JORGENSEN,LIBERTARIAN,48678,15.0
694,North Carolina,NC,2020,JOSEPH R BIDEN JR,DEMOCRAT,2684292,15.0
695,North Carolina,NC,2020,OTHER,GREEN,12195,15.0
696,North Carolina,NC,2020,OTHER,OTHER,20864,15.0
697,North Dakota,ND,2000,AL GORE,DEMOCRAT,95284,3.0
698,North Dakota,ND,2000,GEORGE W. BUSH,REPUBLICAN,174852,3.0
699,North Dakota,ND,2000,OTHER,OTHER,8634,3.0
700,North Dakota,ND,2000,RALPH NADER,GREEN,9497,3.0
701,North Dakota,ND,2004,GEORGE W. BUSH,REPUBLICAN,196651,3.0
702,North Dakota,ND,2004,JOHN KERRY,DEMOCRAT,111052,3.0
703,North Dakota,ND,2004,OTHER,OTHER,5130,3.0
704,North Dakota,ND,2008,BARACK OBAMA,DEMOCRAT,141278,3.0
705,North Dakota,ND,2008,JOHN MCCAIN,REPUBLICAN,168601,3.0
706,North Dakota,ND,2008,OTHER,OTHER,6742,3.0
707,North Dakota,ND,2012,BARACK OBAMA,DEMOCRAT,124966,3.0
708,North Dakota,ND,2012,MITT ROMNEY,REPUBLICAN,188320,3.0
709,North Dakota,ND,2012,OTHER,OTHER,9646,3.0
710,North Dakota,ND,2016,DONALD TRUMP,REPUBLICAN,216794,3.0
711,North Dakota,ND,2016,HILLARY CLINTON,DEMOCRAT,93758,3.0
712,North Dakota,ND,2016,OTHER,OTHER,33808,3.0
713,North Dakota,ND,2020,DONALD J TRUMP,REPUBLICAN,235595,3.0
714,North Dakota,ND,2020,JO JORGENSEN,LIBERTARIAN,9393,3.0
715,North Dakota,ND,2020,JOSEPH R BIDEN JR,DEMOCRAT,114902,3.0
716,North Dakota,ND,2020,OTHER,OTHER,1929,3.0
717,Ohio,OH,2000,AL GORE,DEMOCRAT,2186190,18.0
718,Ohio,OH,2000,GEORGE W. BUSH,REPUBLICAN,2351209,18.0
719,Ohio,OH,2000,OTHER,OTHER,50201,18.0
720,Ohio,OH,2000,RALPH NADER,GREEN,117857,18.0
721,Ohio,OH,2004,GEORGE W. BUSH,REPUBLICAN,2858727,18.0
722,Ohio,OH,2004,JOHN KERRY,DEMOCRAT,2739952,18.0
723,Ohio,OH,2004,OTHER,OTHER,26952,18.0
724,Ohio,OH,2008,BARACK OBAMA,DEMOCRAT,2933388,18.0
725,Ohio,OH,2008,JOHN MCCAIN,REPUBLICAN,2674491,18.0
726,Ohio,OH,2008,OTHER,OTHER,90169,18.0
727,Ohio,OH,2012,BARACK OBAMA,DEMOCRAT,2827621,18.0
728,Ohio,OH,2012,MITT ROMNEY,REPUBLICAN,2661407,18.0
729,Ohio,OH,2012,OTHER,OTHER,91794,18.0
730,Ohio,OH,2016,DONALD TRUMP,REPUBLICAN,2841005,18.0
731,Ohio,OH,2016,HILLARY CLINTON,DEMOCRAT,2394164,18.0
732,Ohio,OH,2016,OTHER,OTHER,261318,18.0
733,Ohio,OH,2020,DONALD J TRUMP,REPUBLICAN,3154834,18.0
734,Ohio,OH,2020,JO JORGENSEN,LIBERTARIAN,67569,18.0
735,Ohio,OH,2020,JOSEPH R BIDEN JR,DEMOCRAT,2679165,18.0
736,Ohio,OH,2020,OTHER,OTHER,20634,18.0
737,Oklahoma,OK,2000,AL GORE,DEMOCRAT,474276,7.0
738,Oklahoma,OK,2000,GEORGE W. BUSH,REPUBLICAN,744337,7.0
739,Oklahoma,OK,2000,OTHER,OTHER,15616,7.0
740,Oklahoma,OK,2000,RALPH NADER,GREEN,0,7.0
741,Oklahoma,OK,2004,GEORGE W. BUSH,REPUBLICAN,959792,7.0
742,Oklahoma,OK,2004,JOHN KERRY,DEMOCRAT,503966,7.0
743,Oklahoma,OK,2004,OTHER,OTHER,0,7.0
744,Oklahoma,OK,2008,BARACK OBAMA,DEMOCRAT,502496,7.0
745,Oklahoma,OK,2008,JOHN MCCAIN,REPUBLICAN,960165,7.0
746,Oklahoma,OK,2008,OTHER,OTHER,0,7.0
747,Oklahoma,OK,2012,BARACK OBAMA,DEMOCRAT,443547,7.0
748,Oklahoma,OK,2012,MITT ROMNEY,REPUBLICAN,891325,7.0
749,Oklahoma,OK,2012,OTHER,OTHER,0,7.0
750,Oklahoma,OK,2016,DONALD TRUMP,REPUBLICAN,949136,7.0
751,Oklahoma,OK,2016,HILLARY CLINTON,DEMOCRAT,420375,7.0
752,Oklahoma,OK,2016,OTHER,OTHER,83481,7.0
753,Oklahoma,OK,2020,DONALD J TRUMP,REPUBLICAN,1020280,7.0
754,Oklahoma,OK,2020,JO JORGENSEN,LIBERTARIAN,24731,7.0
755,Oklahoma,OK,2020,JOSEPH R BIDEN JR,DEMOCRAT,503890,7.0
756,Oklahoma,OK,2020,OTHER,OTHER,11798,7.0
757,Oregon,OR,2000,AL GORE,DEMOCRAT,720342,7.0
758,Oregon,OR,2000,GEORGE W. BUSH,REPUBLICAN,713577,7.0
759,Oregon,OR,2000,OTHER,OTHER,22692,7.0
760,Oregon,OR,2000,RALPH NADER,GREEN,77357,7.0
761,Oregon,OR,2004,GEORGE W. BUSH,REPUBLICAN,866831,7.0
762,Oregon,OR,2004,JOHN KERRY,DEMOCRAT,943163,7.0
763,Oregon,OR,2004,OTHER,OTHER,26788,7.0
764,Oregon,OR,2008,BARACK OBAMA,DEMOCRAT,1037291,7.0
765,Oregon,OR,2008,JOHN MCCAIN,REPUBLICAN,738475,7.0
766,Oregon,OR,2008,OTHER,OTHER,52098,7.0
767,Oregon,OR,2012,BARACK OBAMA,DEMOCRAT,970488,7.0
768,Oregon,OR,2012,MITT ROMNEY,REPUBLICAN,754175,7.0
769,Oregon,OR,2012,OTHER,OTHER,64607,7.0
770,Oregon,OR,2016,DONALD TRUMP,REPUBLICAN,782403,7.0
771,Oregon,OR,2016,HILLARY CLINTON,DEMOCRAT,1002106,7.0
772,Oregon,OR,2016,OTHER,OTHER,216827,7.0
773,Oregon,OR,2020,DONALD J TRUMP,REPUBLICAN,958448,7.0
774,Oregon,OR,2020,JO JORGENSEN,LIBERTARIAN,41582,7.0
775,Oregon,OR,2020,JOSEPH R BIDEN JR,DEMOCRAT,1340383,7.0
776,Oregon,OR,2020,OTHER,GREEN,11831,7.0
777,Oregon,OR,2020,OTHER,OTHER,22077,7.0
778,Pennsylvania,PA,2000,AL GORE,DEMOCRAT,2485967,20.0
779,Pennsylvania,PA,2000,GEORGE W. BUSH,REPUBLICAN,2281127,20.0
780,Pennsylvania,PA,2000,OTHER,OTHER,41699,20.0
781,Pennsylvania,PA,2000,RALPH NADER,GREEN,103392,20.0
782,Pennsylvania,PA,2004,GEORGE W. BUSH,REPUBLICAN,2793847,20.0
783,Pennsylvania,PA,2004,JOHN KERRY,DEMOCRAT,2938095,20.0
784,Pennsylvania,PA,2004,OTHER,OTHER,33822,20.0
785,Pennsylvania,PA,2008,BARACK OBAMA,DEMOCRAT,3266523,20.0
786,Pennsylvania,PA,2008,JOHN MCCAIN,REPUBLICAN,2649934,20.0
787,Pennsylvania,PA,2008,OTHER,OTHER,61524,20.0
788,Pennsylvania,PA,2012,BARACK OBAMA,DEMOCRAT,2990274,20.0
789,Pennsylvania,PA,2012,MITT ROMNEY,REPUBLICAN,2680434,20.0
790,Pennsylvania,PA,2012,OTHER,OTHER,71332,20.0
791,Pennsylvania,PA,2016,DONALD TRUMP,REPUBLICAN,2970733,20.0
792,Pennsylvania,PA,2016,HILLARY CLINTON,DEMOCRAT,2926441,20.0
793,Pennsylvania,PA,2016,OTHER,OTHER,218228,20.0
794,Pennsylvania,PA,2020,DONALD J TRUMP,REPUBLICAN,3377674,20.0
795,Pennsylvania,PA,2020,JO JORGENSEN,LIBERTARIAN,79380,20.0
796,Pennsylvania,PA,2020,JOSEPH R BIDEN JR,DEMOCRAT,3458229,20.0
797,Rhode Island,RI,2000,AL GORE,DEMOCRAT,249508,4.0
798,Rhode Island,RI,2000,GEORGE W. BUSH,REPUBLICAN,130555,4.0
799,Rhode Island,RI,2000,OTHER,OTHER,3997,4.0
800,Rhode Island,RI,2000,RALPH NADER,GREEN,25052,4.0
801,Rhode Island,RI,2004,GEORGE W. BUSH,REPUBLICAN,169046,4.0
802,Rhode Island,RI,2004,JOHN KERRY,DEMOCRAT,259760,4.0
803,Rhode Island,RI,2004,OTHER,OTHER,7483,4.0
804,Rhode Island,RI,2008,BARACK OBAMA,DEMOCRAT,296571,4.0
805,Rhode Island,RI,2008,JOHN MCCAIN,REPUBLICAN,165391,4.0
806,Rhode Island,RI,2008,OTHER,OTHER,9804,4.0
807,Rhode Island,RI,2012,BARACK OBAMA,DEMOCRAT,279677,4.0
808,Rhode Island,RI,2012,MITT ROMNEY,REPUBLICAN,157204,4.0
809,Rhode Island,RI,2012,OTHER,OTHER,9171,4.0
810,Rhode Island,RI,2016,DONALD TRUMP,REPUBLICAN,180543,4.0
811,Rhode Island,RI,2016,HILLARY CLINTON,DEMOCRAT,252525,4.0
812,Rhode Island,RI,2016,OTHER,OTHER,31076,4.0
813,Rhode Island,RI,2020,DONALD J TRUMP,REPUBLICAN,199922,4.0
814,Rhode Island,RI,2020,JO JORGENSEN,LIBERTARIAN,5053,4.0
815,Rhode Island,RI,2020,JOSEPH R BIDEN JR,DEMOCRAT,307486,4.0
816,Rhode Island,RI,2020,OTHER,OTHER,5296,4.0
817,South Carolina,SC,2000,AL GORE,DEMOCRAT,566039,9.0
818,South Carolina,SC,2000,GEORGE W. BUSH,REPUBLICAN,786426,9.0
819,South Carolina,SC,2000,OTHER,OTHER,11033,9.0
820,South Carolina,SC,2000,RALPH NADER,GREEN,20279,9.0
821,South Carolina,SC,2004,GEORGE W. BUSH,REPUBLICAN,937974,9.0
822,South Carolina,SC,2004,JOHN KERRY,DEMOCRAT,661699,9.0
823,South Carolina,SC,2004,OTHER,OTHER,18057,9.0
824,South Carolina,SC,2008,BARACK OBAMA,DEMOCRAT,862449,9.0
825,South Carolina,SC,2008,JOHN MCCAIN,REPUBLICAN,1034896,9.0
826,South Carolina,SC,2008,OTHER,OTHER,23624,9.0
827,South Carolina,SC,2012,BARACK OBAMA,DEMOCRAT,865941,9.0
828,South Carolina,SC,2012,MITT ROMNEY,REPUBLICAN,1071645,9.0
829,South Carolina,SC,2012,OTHER,OTHER,26532,9.0
830,South Carolina,SC,2016,DONALD TRUMP,REPUBLICAN,1155389,9.0
831,South Carolina,SC,2016,HILLARY CLINTON,DEMOCRAT,855373,9.0
832,South Carolina,SC,2016,OTHER,OTHER,92265,9.0
833,South Carolina,SC,2020,DONALD J TRUMP,REPUBLICAN,1385103,9.0
834,South Carolina,SC,2020,JO JORGENSEN,LIBERTARIAN,27916,9.0
835,South Carolina,SC,2020,JOSEPH R BIDEN JR,DEMOCRAT,1091541,9.0
836,South Carolina,SC,2020,OTHER,GREEN,6907,9.0
837,South Carolina,SC,2020,OTHER,OTHER,1862,9.0
838,South Dakota,SD,2000,AL GORE,DEMOCRAT,118804,3.0
839,South Dakota,SD,2000,GEORGE W. BUSH,REPUBLICAN,190700,3.0
840,South Dakota,SD,2000,OTHER,OTHER,6765,3.0
841,South Dakota,SD,2000,RALPH NADER,GREEN,0,3.0
842,South Dakota,SD,2004,GEORGE W. BUSH,REPUBLICAN,232584,3.0
843,South Dakota,SD,2004,JOHN KERRY,DEMOCRAT,149244,3.0
844,South Dakota,SD,2004,OTHER,OTHER,6387,3.0
845,South Dakota,SD,2008,BARACK OBAMA,DEMOCRAT,170924,3.0
846,South Dakota,SD,2008,JOHN MCCAIN,REPUBLICAN,203054,3.0
847,South Dakota,SD,2008,OTHER,OTHER,3730,3.0
848,South Dakota,SD,2012,BARACK OBAMA,DEMOCRAT,145039,3.0
849,South Dakota,SD,2012,MITT ROMNEY,REPUBLICAN,210610,3.0
850,South Dakota,SD,2012,OTHER,OTHER,8166,3.0
851,South Dakota,SD,2016,DONALD TRUMP,REPUBLICAN,227721,3.0
852,South Dakota,SD,2016,HILLARY CLINTON,DEMOCRAT,117458,3.0
853,South Dakota,SD,2016,OTHER,OTHER,24914,3.0
854,South Dakota,SD,2020,DONALD J TRUMP,REPUBLICAN,261043,3.0
855,South Dakota,SD,2020,JO JORGENSEN,LIBERTARIAN,11095,3.0
856,South Dakota,SD,2020,JOSEPH R BIDEN JR,DEMOCRAT,150471,3.0
857,Tennessee,TN,2000,AL GORE,DEMOCRAT,981720,11.0
858,Tennessee,TN,2000,GEORGE W. BUSH,REPUBLICAN,1061949,11.0
859,Tennessee,TN,2000,OTHER,OTHER,12731,11.0
860,Tennessee,TN,2000,RALPH NADER,GREEN,19781,11.0
861,Tennessee,TN,2004,GEORGE W. BUSH,REPUBLICAN,1381225,11.0
862,Tennessee,TN,2004,JOHN KERRY,DEMOCRAT,1032910,11.0
863,Tennessee,TN,2004,OTHER,OTHER,16359,11.0
864,Tennessee,TN,2008,BARACK OBAMA,DEMOCRAT,1087437,11.0
865,Tennessee,TN,2008,JOHN MCCAIN,REPUBLICAN,1479178,11.0
866,Tennessee,TN,2008,OTHER,OTHER,33509,11.0
867,Tennessee,TN,2012,BARACK OBAMA,DEMOCRAT,960709,11.0
868,Tennessee,TN,2012,MITT ROMNEY,REPUBLICAN,1462330,11.0
869,Tennessee,TN,2012,OTHER,OTHER,35538,11.0
870,Tennessee,TN,2016,DONALD TRUMP,REPUBLICAN,1522925,11.0
871,Tennessee,TN,2016,HILLARY CLINTON,DEMOCRAT,870695,11.0
872,Tennessee,TN,2016,OTHER,OTHER,114407,11.0
873,Tennessee,TN,2020,DONALD J TRUMP,REPUBLICAN,1852475,11.0
874,Tennessee,TN,2020,JOSEPH R BIDEN JR,DEMOCRAT,1143711,11.0
875,Tennessee,TN,2020,OTHER,OTHER,57665,11.0
876,Texas,TX,2000,AL GORE,DEMOCRAT,2433746,38.0
877,Texas,TX,2000,GEORGE W. BUSH,REPUBLICAN,3799639,38.0
878,Texas,TX,2000,OTHER,OTHER,36258,38.0
879,Texas,TX,2000,RALPH NADER,GREEN,137994,38.0
880,Texas,TX,2004,GEORGE W. BUSH,REPUBLICAN,4526917,38.0
881,Texas,TX,2004,JOHN KERRY,DEMOCRAT,2832704,38.0
882,Texas,TX,2004,OTHER,OTHER,51128,38.0
883,Texas,TX,2008,BARACK OBAMA,DEMOCRAT,3528633,38.0
884,Texas,TX,2008,JOHN MCCAIN,REPUBLICAN,4479328,38.0
885,Texas,TX,2008,OTHER,OTHER,69834,38.0
886,Texas,TX,2012,BARACK OBAMA,DEMOCRAT,3308124,38.0
887,Texas,TX,2012,MITT ROMNEY,REPUBLICAN,4569843,38.0
888,Texas,TX,2012,OTHER,OTHER,115884,38.0
889,Texas,TX,2016,DONALD TRUMP,REPUBLICAN,4685047,38.0
890,Texas,TX,2016,HILLARY CLINTON,DEMOCRAT,3877868,38.0
891,Texas,TX,2016,OTHER,OTHER,406311,38.0
892,Texas,TX,2020,DONALD J TRUMP,REPUBLICAN,5890347,38.0
893,Texas,TX,2020,JO JORGENSEN,LIBERTARIAN,126243,38.0
894,Texas,TX,2020,JOSEPH R BIDEN JR,DEMOCRAT,5259126,38.0
895,Texas,TX,2020,OTHER,GREEN,33396,38.0
896,Texas,TX,2020,OTHER,OTHER,5944,38.0
897,Utah,UT,2000,AL GORE,DEMOCRAT,203053,6.0
898,Utah,UT,2000,GEORGE W. BUSH,REPUBLICAN,515096,6.0
899,Utah,UT,2000,OTHER,OTHER,16755,6.0
900,Utah,UT,2000,RALPH NADER,GREEN,35850,6.0
901,Utah,UT,2004,GEORGE W. BUSH,REPUBLICAN,663742,6.0
902,Utah,UT,2004,JOHN KERRY,DEMOCRAT,241199,6.0
903,Utah,UT,2004,OTHER,OTHER,22903,6.0
904,Utah,UT,2008,BARACK OBAMA,DEMOCRAT,327670,6.0
905,Utah,UT,2008,JOHN MCCAIN,REPUBLICAN,596030,6.0
906,Utah,UT,2008,OTHER,OTHER,28670,6.0
907,Utah,UT,2012,BARACK OBAMA,DEMOCRAT,251813,6.0
908,Utah,UT,2012,MITT ROMNEY,REPUBLICAN,740600,6.0
909,Utah,UT,2012,OTHER,OTHER,25027,6.0
910,Utah,UT,2016,DONALD TRUMP,REPUBLICAN,515231,6.0
911,Utah,UT,2016,HILLARY CLINTON,DEMOCRAT,310676,6.0
912,Utah,UT,2016,OTHER,OTHER,305523,6.0
913,Utah,UT,2020,DONALD J TRUMP,REPUBLICAN,865139,6.0
914,Utah,UT,2020,JO JORGENSEN,LIBERTARIAN,38447,6.0
915,Utah,UT,2020,JOSEPH R BIDEN JR,DEMOCRAT,560282,6.0
916,Utah,UT,2020,OTHER,GREEN,5053,6.0
917,Utah,UT,2020,OTHER,OTHER,26433,6.0
918,Vermont,VT,2000,AL GORE,DEMOCRAT,149022,3.0
919,Vermont,VT,2000,GEORGE W. BUSH,REPUBLICAN,119775,3.0
920,Vermont,VT,2000,OTHER,OTHER,5137,3.0
921,Vermont,VT,2000,RALPH NADER,GREEN,20374,3.0
922,Vermont,VT,2004,GEORGE W. BUSH,REPUBLICAN,121180,3.0
923,Vermont,VT,2004,JOHN KERRY,DEMOCRAT,184067,3.0
924,Vermont,VT,2004,OTHER,OTHER,7062,3.0
925,Vermont,VT,2008,BARACK OBAMA,DEMOCRAT,219262,3.0
926,Vermont,VT,2008,JOHN MCCAIN,REPUBLICAN,98974,3.0
927,Vermont,VT,2008,OTHER,OTHER,6810,3.0
928,Vermont,VT,2012,BARACK OBAMA,DEMOCRAT,199239,3.0
929,Vermont,VT,2012,MITT ROMNEY,REPUBLICAN,92698,3.0
930,Vermont,VT,2012,OTHER,OTHER,7353,3.0
931,Vermont,VT,2016,DONALD TRUMP,REPUBLICAN,95369,3.0
932,Vermont,VT,2016,HILLARY CLINTON,DEMOCRAT,178573,3.0
933,Vermont,VT,2016,OTHER,OTHER,41135,3.0
934,Vermont,VT,2020,DONALD J TRUMP,REPUBLICAN,112708,3.0
935,Vermont,VT,2020,JO JORGENSEN,LIBERTARIAN,3608,3.0
936,Vermont,VT,2020,JOSEPH R BIDEN JR,DEMOCRAT,242826,3.0
937,Vermont,VT,2020,OTHER,GREEN,1310,3.0
938,Vermont,VT,2020,OTHER,OTHER,10374,3.0
939,Virginia,VA,2000,AL GORE,DEMOCRAT,1216422,13.0
940,Virginia,VA,2000,GEORGE W. BUSH,REPUBLICAN,1436877,13.0
941,Virginia,VA,2000,OTHER,OTHER,25243,13.0
942,Virginia,VA,2000,RALPH NADER,GREEN,59373,13.0
943,Virginia,VA,2004,GEORGE W. BUSH,REPUBLICAN,1716959,13.0
944,Virginia,VA,2004,JOHN KERRY,DEMOCRAT,1454742,13.0
945,Virginia,VA,2004,OTHER,OTHER,26666,13.0
946,Virginia,VA,2008,BARACK OBAMA,DEMOCRAT,1959532,13.0
947,Virginia,VA,2008,JOHN MCCAIN,REPUBLICAN,1725005,13.0
948,Virginia,VA,2008,OTHER,OTHER,38723,13.0
949,Virginia,VA,2012,BARACK OBAMA,DEMOCRAT,1971820,13.0
950,Virginia,VA,2012,MITT ROMNEY,REPUBLICAN,1822522,13.0
951,Virginia,VA,2012,OTHER,OTHER,60147,13.0
952,Virginia,VA,2016,DONALD TRUMP,REPUBLICAN,1769443,13.0
953,Virginia,VA,2016,HILLARY CLINTON,DEMOCRAT,1981473,13.0
954,Virginia,VA,2016,OTHER,OTHER,233715,13.0
955,Virginia,VA,2020,DONALD J TRUMP,REPUBLICAN,1962430,13.0
956,Virginia,VA,2020,JO JORGENSEN,LIBERTARIAN,64761,13.0
957,Virginia,VA,2020,JOSEPH R BIDEN JR,DEMOCRAT,2413568,13.0
958,Virginia,VA,2020,OTHER,OTHER,21841,13.0
959,Washington,WA,2000,AL GORE,DEMOCRAT,1247652,12.0
960,Washington,WA,2000,GEORGE W. BUSH,REPUBLICAN,1108864,12.0
961,Washington,WA,2000,OTHER,OTHER,28923,12.0
962,Washington,WA,2000,RALPH NADER,GREEN,103002,12.0
963,Washington,WA,2004,GEORGE W. BUSH,REPUBLICAN,1304894,12.0
964,Washington,WA,2004,JOHN KERRY,DEMOCRAT,1510201,12.0
965,Washington,WA,2004,OTHER,OTHER,43989,12.0
966,Washington,WA,2008,BARACK OBAMA,DEMOCRAT,1750848,12.0
967,Washington,WA,2008,JOHN MCCAIN,REPUBLICAN,1229216,12.0
968,Washington,WA,2008,OTHER,OTHER,56814,12.0
969,Washington,WA,2012,BARACK OBAMA,DEMOCRAT,1755396,12.0
970,Washington,WA,2012,MITT ROMNEY,REPUBLICAN,1290670,12.0
971,Washington,WA,2012,OTHER,OTHER,79450,12.0
972,Washington,WA,2016,DONALD TRUMP,REPUBLICAN,1221747,12.0
973,Washington,WA,2016,HILLARY CLINTON,DEMOCRAT,1742718,12.0
974,Washington,WA,2016,OTHER,OTHER,244749,12.0
975,Washington,WA,2020,DONALD J TRUMP,REPUBLICAN,1584651,12.0
976,Washington,WA,2020,JO JORGENSEN,LIBERTARIAN,80500,12.0
977,Washington,WA,2020,JOSEPH R BIDEN JR,DEMOCRAT,2369612,12.0
978,Washington,WA,2020,OTHER,GREEN,18289,12.0
979,Washington,WA,2020,OTHER,OTHER,34579,12.0
980,West Virginia,WV,2000,AL GORE,DEMOCRAT,295497,5.0
981,West Virginia,WV,2000,GEORGE W. BUSH,REPUBLICAN,336475,5.0
982,West Virginia,WV,2000,OTHER,OTHER,5472,5.0
983,West Virginia,WV,2000,RALPH NADER,GREEN,10680,5.0
984,West Virginia,WV,2004,GEORGE W. BUSH,REPUBLICAN,423550,5.0
985,West Virginia,WV,2004,JOHN KERRY,DEMOCRAT,326541,5.0
986,West Virginia,WV,2004,OTHER,OTHER,5568,5.0
987,West Virginia,WV,2008,BARACK OBAMA,DEMOCRAT,303857,5.0
988,West Virginia,WV,2008,JOHN MCCAIN,REPUBLICAN,397466,5.0
989,West Virginia,WV,2008,OTHER,OTHER,12128,5.0
990,West Virginia,WV,2012,BARACK OBAMA,DEMOCRAT,238269,5.0
991,West Virginia,WV,2012,MITT ROMNEY,REPUBLICAN,417655,5.0
992,West Virginia,WV,2012,OTHER,OTHER,14516,5.0
993,West Virginia,WV,2016,DONALD TRUMP,REPUBLICAN,489371,5.0
994,West Virginia,WV,2016,HILLARY CLINTON,DEMOCRAT,188794,5.0
995,West Virginia,WV,2016,OTHER,OTHER,34886,5.0
996,West Virginia,WV,2020,DONALD J TRUMP,REPUBLICAN,545382,5.0
997,West Virginia,WV,2020,JO JORGENSEN,LIBERTARIAN,10687,5.0
998,West Virginia,WV,2020,JOSEPH R BIDEN JR,DEMOCRAT,235984,5.0
999,West Virginia,WV,2020,OTHER,GREEN,2599,5.0
1000,Wisconsin,WI,2000,AL GORE,DEMOCRAT,1242987,10.0
1001,Wisconsin,WI,2000,GEORGE W. BUSH,REPUBLICAN,1237279,10.0
1002,Wisconsin,WI,2000,OTHER,OTHER,24271,10.0
1003,Wisconsin,WI,2000,RALPH NADER,GREEN,94070,10.0
1004,Wisconsin,WI,2004,GEORGE W. BUSH,REPUBLICAN,1478120,10.0
1005,Wisconsin,WI,2004,JOHN KERRY,DEMOCRAT,1489504,10.0
1006,Wisconsin,WI,2004,OTHER,OTHER,29383,10.0
1007,Wisconsin,WI,2008,BARACK OBAMA,DEMOCRAT,1677211,10.0
1008,Wisconsin,WI,2008,JOHN MCCAIN,REPUBLICAN,1262393,10.0
1009,Wisconsin,WI,2008,OTHER,OTHER,43813,10.0
1010,Wisconsin,WI,2012,BARACK OBAMA,DEMOCRAT,1620985,10.0
1011,Wisconsin,WI,2012,MITT ROMNEY,REPUBLICAN,1410966,10.0
1012,Wisconsin,WI,2012,OTHER,OTHER,39483,10.0
1013,Wisconsin,WI,2016,DONALD TRUMP,REPUBLICAN,1404440,10.0
1014,Wisconsin,WI,2016,HILLARY CLINTON,DEMOCRAT,1381823,10.0
1015,Wisconsin,WI,2016,OTHER,OTHER,189490,10.0
1016,Wisconsin,WI,2020,DONALD J TRUMP,REPUBLICAN,1610065,10.0
1017,Wisconsin,WI,2020,JO JORGENSEN,LIBERTARIAN,38491,10.0
1018,Wisconsin,WI,2020,JOSEPH R BIDEN JR,DEMOCRAT,1630673,10.0
1019,Wisconsin,WI,2020,OTHER,GREEN,1089,10.0
1020,Wisconsin,WI,2020,OTHER,OTHER,17034,10.0
1021,Wyoming,WY,2000,AL GORE,DEMOCRAT,60481,3.0
1022,Wyoming,WY,2000,GEORGE W. BUSH,REPUBLICAN,147947,3.0
1023,Wyoming,WY,2000,OTHER,OTHER,5298,3.0
1024,Wyoming,WY,2000,RALPH NADER,GREEN,4625,3.0
1025,Wyoming,WY,2004,GEORGE W. BUSH,REPUBLICAN,167629,3.0
1026,Wyoming,WY,2004,JOHN KERRY,DEMOCRAT,70776,3.0
1027,Wyoming,WY,2004,OTHER,OTHER,5023,3.0
1028,Wyoming,WY,2008,BARACK OBAMA,DEMOCRAT,82868,3.0
1029,Wyoming,WY,2008,JOHN MCCAIN,REPUBLICAN,164958,3.0
1030,Wyoming,WY,2008,OTHER,OTHER,8209,3.0
1031,Wyoming,WY,2012,BARACK OBAMA,DEMOCRAT,69286,3.0
1032,Wyoming,WY,2012,MITT ROMNEY,REPUBLICAN,170962,3.0
1033,Wyoming,WY,2012,OTHER,OTHER,8813,3.0
1034,Wyoming,WY,2016,DONALD TRUMP,REPUBLICAN,174419,3.0
1035,Wyoming,WY,2016,HILLARY CLINTON,DEMOCRAT,55973,3.0
1036,Wyoming,WY,2016,OTHER,OTHER,25457,3.0
1037,Wyoming,WY,2020,DONALD J TRUMP,REPUBLICAN,193559,3.0
1038,Wyoming,WY,2020,JO JORGENSEN,LIBERTARIAN,5768,3.0
1039,Wyoming,WY,2020,JOSEPH R BIDEN JR,DEMOCRAT,73491,3.0
1040,Wyoming,WY,2020,OTHER,OTHER,5685,3.0
